{"_step":1,"_wandb":{"runtime":0},"_runtime":0.224586574,"sanity":1,"_timestamp":1.773386508198597e+09}